ip,port,add,anonymous,type,s_time,t_time
219.147.8.148,8000,山东青岛,高匿,HTTP,981天,18-12-19 17:11
111.181.53.141,23312,湖北鄂州,高匿,HTTPS,1分钟,18-12-19 17:11
113.3.152.88,8118,黑龙江佳木斯,高匿,HTTP,1分钟,18-12-19 17:01
210.22.176.146,32153,上海,高匿,HTTPS,41天,18-12-19 17:00
114.116.14.143,80,广东深圳,高匿,HTTPS,1分钟,18-12-19 16:55
180.110.6.1,3128,江苏南京,高匿,HTTPS,1分钟,18-12-19 16:44
182.111.64.8,21776,江西九江,高匿,HTTPS,126天,18-12-19 16:33
27.195.121.72,8123,山东淄博,高匿,HTTP,1分钟,18-12-19 16:30
60.216.101.46,59351,山东济南,高匿,HTTP,85天,18-12-19 16:30
115.225.50.178,8118,浙江绍兴,高匿,HTTP,18小时,18-12-19 16:30
123.185.220.82,8118,辽宁大连,高匿,HTTPS,1小时,18-12-19 16:22
114.99.167.28,808,安徽安庆,高匿,HTTPS,1分钟,18-12-19 16:22
219.234.5.128,3128,北京,高匿,HTTPS,29天,18-12-19 16:11
116.7.176.75,8118,广东广州,高匿,HTTP,29天,18-12-19 16:11
119.102.173.204,32008,湖北武汉,高匿,HTTPS,1分钟,18-12-19 16:11
113.116.179.48,808,广东深圳,高匿,HTTPS,1分钟,18-12-19 16:00
113.128.140.208,8118,山东济南,高匿,HTTPS,16小时,18-12-19 16:00
113.12.202.50,40498,广西南宁,高匿,HTTPS,26天,18-12-19 15:55
61.178.238.122,63000,甘肃兰州市城关区,高匿,HTTP,1021天,18-12-19 15:45
112.66.191.180,8118,海南海口,高匿,HTTPS,8小时,18-12-19 15:45
116.229.144.236,8123,上海,高匿,HTTPS,1分钟,18-12-19 15:44
61.189.242.243,55484,贵州六盘水,高匿,HTTPS,42天,18-12-19 15:33
180.118.241.252,61234,江苏镇江,高匿,HTTP,1分钟,18-12-19 15:30
121.61.25.225,32190,湖北咸宁,高匿,HTTPS,1分钟,18-12-19 15:22
106.81.229.117,8118,重庆,高匿,HTTPS,1分钟,18-12-19 15:11
175.11.194.21,8118,湖南,高匿,HTTP,4天,18-12-19 15:11
113.103.13.51,3128,广东广州,高匿,HTTPS,1分钟,18-12-19 15:11
182.88.213.122,8123,广西南宁,高匿,HTTP,1分钟,18-12-19 15:00
42.55.254.171,1133,辽宁,高匿,HTTPS,1天,18-12-19 14:45
60.173.203.83,47300,安徽合肥市巢湖,高匿,HTTP,43天,18-12-19 14:45
182.241.226.25,43584,云南西双版纳州,高匿,HTTPS,35天,18-12-19 14:33
58.255.60.64,80,广东东莞,高匿,HTTPS,1分钟,18-12-19 14:33
218.17.253.106,60004,广东深圳市宝安区,高匿,HTTP,86天,18-12-19 14:30
171.38.91.123,8123,广西玉林,高匿,HTTP,432天,18-12-19 14:30
175.148.68.240,1133,辽宁葫芦岛,高匿,HTTPS,1分钟,18-12-19 14:22
27.218.252.163,9999,山东,高匿,HTTP,670天,18-12-19 14:22
115.46.66.204,8123,广西南宁,高匿,HTTP,377天,18-12-19 14:15
122.115.78.240,38157,河南郑州,高匿,HTTP,95天,18-12-19 14:11
113.14.236.235,8118,广西南宁,高匿,HTTPS,17小时,18-12-19 14:11
222.95.248.27,8118,江苏南京,高匿,HTTPS,22小时,18-12-19 14:00
116.113.27.170,47849,内蒙古呼和浩特,高匿,HTTPS,41天,18-12-19 13:55
36.33.32.158,59019,安徽,高匿,HTTPS,64天,18-12-19 13:45
222.94.196.58,18118,江苏南京,高匿,HTTP,229天,18-12-19 13:33
125.67.25.83,41681,四川甘孜州,高匿,HTTPS,40天,18-12-19 13:30
183.63.123.3,56489,广东广州,高匿,HTTPS,70天,18-12-19 13:15
121.9.215.94,39545,广东佛山,高匿,HTTPS,84天,18-12-19 13:15
110.73.43.177,8123,广西南宁,高匿,HTTPS,253天,18-12-19 12:55
123.185.67.141,8118,辽宁大连,高匿,HTTPS,1分钟,18-12-19 12:44
